track_id,name,duration_ms,artist_id,artist_name,num_artists,album_id,album_name
0G3S4MVnjb8w30RZk04PI9,Tirador,204500,0e7I5fhtxrhsH8xrjGGDiv,Abra,1,0hKudBWmBfdLfgG3jO75Ou,Hendrix EP
3cjagL4KelPVGSdXOZSnFt,Nadarama,252427,0e7I5fhtxrhsH8xrjGGDiv,Abra,1,0hKudBWmBfdLfgG3jO75Ou,Hendrix EP
2rx51mcKBTEDFkaqxsFhRg,Shabugg,193989,0e7I5fhtxrhsH8xrjGGDiv,Abra,1,0hKudBWmBfdLfgG3jO75Ou,Hendrix EP
0hFtGykXOriTvTL63YrFkl,Apoy,251000,"['0e7I5fhtxrhsH8xrjGGDiv', '0kkulvTKznzTqUf9tIPcnE']","['Abra', 'Shanti Dope']",2,0hKudBWmBfdLfgG3jO75Ou,Hendrix EP
4QJbP6dS3HeG6zq0oYUsgj,We Wish You A Merry Christmas,205489,"['4mrrcDjpjUq27YEGwlisgs', '0e7I5fhtxrhsH8xrjGGDiv']","['Gracenote', 'Abra']",2,0tHsNPEtTsNSkT977fE2XE,We Wish You A Merry Christmas
5kWU297LVffypKeE0vM7ao,Pause,211992,0e7I5fhtxrhsH8xrjGGDiv,Abra,1,1waSktqN636A1pwqhnuUMZ,Pause
1SJSfVT8ONvuddiistQH73,Stargazer,260034,"['4mrrcDjpjUq27YEGwlisgs', '0e7I5fhtxrhsH8xrjGGDiv']","['Gracenote', 'Abra']",2,2yDV2QdYGYeLycd2zeBnRr,Stargazer
3bjWcffGJnZJ7ofpNlOADi,Dedma,227518,"['4NeCu267LZemnoq44lZYKy', '0e7I5fhtxrhsH8xrjGGDiv']","['Julie Anne San Jose', 'Abra']",2,6aDltPbaZmkC8MeGhKfvaj,Dedma
0VvzQNXZ8eOsB6GBjLo9NG,Points of View,248560,"['21r4bBNORdjlQ6oPr52GUq', '3wNylAjJX1PiCpMKx8Lrfp']","['JAYA', 'Regine Velasquez']",2,5hk3FmbhIcCsvPLDFqgnFk,Collaborations
15gR7vmYPgwKhXMBVPSt0H,Lupin,253480,"['6ty99gP6NrhgCOkMF2ONpy', '3TIyYU45F7T6Npyi1JgRQT']","['Janno Gibbs', 'Ara Mina']",2,5hk3FmbhIcCsvPLDFqgnFk,Collaborations
39n1pUI5bYdeBkv23RyPJV,"I'll Be There - Theme from ""Kahit Nasaan Ka Man""",215733,"['4NeCu267LZemnoq44lZYKy', '091IfARXDC7QfhqHAEIC5j']","['Julie Anne San Jose', 'Kristoffer Martin']",2,5hk3FmbhIcCsvPLDFqgnFk,Collaborations
3ID3FbgyrXRx0s6QmbnCvN,Napatawad Na Kita,285613,"['19l4oVulvZzVoBEfaP3i0n', '11Jdq2gOTBhmfEYmFrZlue']","['Jessa Zaragoza', 'Kris Lawrence']",2,5hk3FmbhIcCsvPLDFqgnFk,Collaborations
3QQBURcP62bQwqpduk79bU,My Jagiya - My Korean Jagiya Theme Song,306247,"['1cuBr2FBt1e7ZpoGV8oHxp', '6UIEzOUxN61pdpQrAmVKDm']","['Alexander Lee', 'Heart Evangelista']",2,5hk3FmbhIcCsvPLDFqgnFk,Collaborations
0y5006cOMroE0boYKzttQ5,"Hulog Ng Langit - From ""Langit Sa Piling Mo""",252066,"['3bpYHxhbnMysyu6tQMJKxW', '5hEvosJtP50DvGHIpt5d8m']","['Frencheska Farr', 'Geoff Taylor']",2,5hk3FmbhIcCsvPLDFqgnFk,Collaborations
5ekFvxnHXoPExtHhVpPezu,Kaligayahan Natin,275013,"['6UQTbEpZKmU9aSUUBEjVnS', '2DVjB2nSojLRYRbUT74c8H']","['Maricris Garcia', 'Brenan Espartinez']",2,5hk3FmbhIcCsvPLDFqgnFk,Collaborations
49d4WSC6QtAgh0FKOlZttv,Dedma,227518,"['4NeCu267LZemnoq44lZYKy', '0e7I5fhtxrhsH8xrjGGDiv']","['Julie Anne San Jose', 'Abra']",2,5hk3FmbhIcCsvPLDFqgnFk,Collaborations
0EhBkCfvGJCwaUYuodCPWF,Way Back into Love,175213,"['2geGbSwcYj3CXRT6lc1oqX', '0ajOq8KtkYS1zIDHGdbnV3']","['Joshua Dionisio', 'Barbie Forteza']",2,5hk3FmbhIcCsvPLDFqgnFk,Collaborations
1mN2xOTSLSnG5eToExBdhG,One More Try,246093,"['0849HeO35qIofExp5vREP1', '0OfbINzHwk9OIn7NxDRekE']","['Dennis Trillo', 'Tom Rodriguez']",2,5hk3FmbhIcCsvPLDFqgnFk,Collaborations
6DGJrHY3qSdd86ReeXhiww,Bilog,210636,"['4mrrcDjpjUq27YEGwlisgs', '0DnjaQqb436AH1idffI6CQ']","['Gracenote', 'Yeng Constantino']",2,3nEHVcFu7sLCx29sHU5i6f,&
0HQwtib9myGnwYav5f65g6,Stargazer,254767,"['4mrrcDjpjUq27YEGwlisgs', '0e7I5fhtxrhsH8xrjGGDiv']","['Gracenote', 'Abra']",2,3nEHVcFu7sLCx29sHU5i6f,&
5DQe6IVFCEEosh9miRgntG,Gusto Ko,212750,"['4mrrcDjpjUq27YEGwlisgs', '623Vaj6cZgsHTyni1r3FTd']","['Gracenote', 'Alexa Ilacad']",2,3nEHVcFu7sLCx29sHU5i6f,&
2A0LFf7IXq6LVbGK2lt1iu,Flynn Rider,223941,"['4mrrcDjpjUq27YEGwlisgs', '3nZa8vRD64ueq3d0JNYTsl']","['Gracenote', '6cyclemind']",2,3nEHVcFu7sLCx29sHU5i6f,&
5h7HKiIWbFFfaW7PcgKkzy,Bakit Ganyan Ka?,205795,"['4mrrcDjpjUq27YEGwlisgs', '72VBk3SEsEFPF948CmkHT4']","['Gracenote', 'Chito Miranda']",2,3nEHVcFu7sLCx29sHU5i6f,&
53P6WL61RfwwS5JSJRFacQ,Summer Song,219488,"['4mrrcDjpjUq27YEGwlisgs', '3Hvxz2oZPYuo61ChHKcqQI', '4qFxP3qN9GsnZDOkAE6x2m']","['Gracenote', 'Autotelic', 'December Avenue']",3,3nEHVcFu7sLCx29sHU5i6f,&
0S586bmf0uOaBEqmWKhQTY,Bakit Ganyan Ka? - Acoustic Version,203439,"['4mrrcDjpjUq27YEGwlisgs', '72VBk3SEsEFPF948CmkHT4']","['Gracenote', 'Chito Miranda']",2,3nEHVcFu7sLCx29sHU5i6f,&
5lWlCbpyxq49EAA009oW1y,Turn Up,228000,"['2bTRmUYk3HLOlmfaAFnHcg', '0e7I5fhtxrhsH8xrjGGDiv', '1tEcENgRPoceXlQgbN3ulT', '3pgefyAdsuTIN2LTJymHOh']","['Dank Puffs', 'Abra', 'Rjay TY', 'Lex Luthoor']",4,53DOR0clWM8crpY94269pP,Turn Up
4nhhUedC1EX73unCZ43stA,Basta'T Kasama Ka,216240,"['7HJDRQAfEcFiARVehhM6qD', '31YisWVgkPawW7vmKiiWch']","['Gloc 9', 'Lirah Bermudez']",2,4R9qasmMv1aFJbfoH1Kl9U,"RAPublic, Vol. 2 (Rap Hits Compilation)"
2pUgcOOf0usOqpyuUy0ILp,Isnabera,289626,17AAxQkShGykJil1en3rpy,Ghost 13,1,4R9qasmMv1aFJbfoH1Kl9U,"RAPublic, Vol. 2 (Rap Hits Compilation)"
45JxhEogXLOfUY9aQyRDtt,Know Me,205800,"['292t4IC5hSn0QT4S3zIPD1', '1pzIKpSW52yOpceYg6HcuW']","['Kim Domingo', 'C-Tru']",2,4R9qasmMv1aFJbfoH1Kl9U,"RAPublic, Vol. 2 (Rap Hits Compilation)"
57RDenset3ep6Crr0JlkvS,Yaka,226429,0jXiZcGh11crFSo2PIYAb6,Franchize,1,4R9qasmMv1aFJbfoH1Kl9U,"RAPublic, Vol. 2 (Rap Hits Compilation)"
5W3afsowpSysFe9yfrkQ1K,Tulad Mo,244033,4NeCu267LZemnoq44lZYKy,Julie Anne San Jose,1,4R9qasmMv1aFJbfoH1Kl9U,"RAPublic, Vol. 2 (Rap Hits Compilation)"
3WBzhheNY3oT3fJcoZbhuu,Ese Amo Se,272493,17AAxQkShGykJil1en3rpy,Ghost 13,1,4R9qasmMv1aFJbfoH1Kl9U,"RAPublic, Vol. 2 (Rap Hits Compilation)"
6lDhM6rxOZ5EtofxdlqycH,Sulong - Version 1,223215,"['0jXiZcGh11crFSo2PIYAb6', '2wd8QP5BfQTzFc2QQCc00W', '0e7I5fhtxrhsH8xrjGGDiv']","['Franchize', 'Mike Bon', 'Abra']",3,4R9qasmMv1aFJbfoH1Kl9U,"RAPublic, Vol. 2 (Rap Hits Compilation)"
5LwQ9wH27O9gfETTTAEvMn,Enjoy and Ride,248600,"['2pVzhvYyWmi5VCeuG7fmYT', '17AAxQkShGykJil1en3rpy']","['Yasmien Kurdi', 'Ghost 13']",2,4R9qasmMv1aFJbfoH1Kl9U,"RAPublic, Vol. 2 (Rap Hits Compilation)"
5O4QK4RGn4bwtC5NZR12O9,Hataw,185182,3FaJGIarSfmwJC89iR0nIF,The Hybrid Project,1,4R9qasmMv1aFJbfoH1Kl9U,"RAPublic, Vol. 2 (Rap Hits Compilation)"
7K3490lp0BLsCjEmKgaKXg,El Templa,229133,17AAxQkShGykJil1en3rpy,Ghost 13,1,4R9qasmMv1aFJbfoH1Kl9U,"RAPublic, Vol. 2 (Rap Hits Compilation)"
337czkxw9jNAJG8sxv6aVh,Tadhana - Ilumina Theme Song,189573,3wbCeEPAW6po7J46netxMT,Up Dharma Down,1,2cjX2XEOZowv48GOzOHYdk,"Ensemble, Vol. 2"
5MZUuEAxLN8x8Y4z1p9H9W,Magsimula Ka - Pinoy Pop Superstar Year 2,297506,5iUx49aNrATCpnmxnRLwCT,PPS 3 Grand Contenders,1,2cjX2XEOZowv48GOzOHYdk,"Ensemble, Vol. 2"
1UUR7NLBtzVuS2odUAnG0q,Amoy Pinipig,185826,2GTZm2gmMNEBI5QCA25nsL,Dimsum,1,2cjX2XEOZowv48GOzOHYdk,"Ensemble, Vol. 2"
2b0chkfIEJWAvEdpyVRhye,Ikaw Lang,274693,07Ul09WK0v8leZqKp7pEU6,Shamrock,1,2cjX2XEOZowv48GOzOHYdk,"Ensemble, Vol. 2"
4Ro1xRjzkIc1rvfa6xVtHV,Ikaw Nga - Mulawin vs. Ravena Theme Song,271058,4acwuqffFzJc8QRm5k2GSO,Top One Project,1,2cjX2XEOZowv48GOzOHYdk,"Ensemble, Vol. 2"
2WCCkoHptOKDj7ybGiC0n9,Sulong,223215,"['3FaJGIarSfmwJC89iR0nIF', '0e7I5fhtxrhsH8xrjGGDiv']","['The Hybrid Project', 'Abra']",2,2cjX2XEOZowv48GOzOHYdk,"Ensemble, Vol. 2"
0Fgo3vYsJv8LFCZW5bTTr6,My Love,247906,0KrOV56XfwU5as0cNfimX3,Wink,1,2cjX2XEOZowv48GOzOHYdk,"Ensemble, Vol. 2"
5VhhvlhjHhm1tsbpVeSXCG,Asa - Sugo Theme Song,270333,6ZgBJRjJsK1iOJGKGZxEUv,South Border,1,2cjX2XEOZowv48GOzOHYdk,"Ensemble, Vol. 2"
3gqQQGc0yzDSOvNifKkDJy,In the Rain,276000,6lSfpYjdJgrYxh1TjghNAZ,6.04,1,2cjX2XEOZowv48GOzOHYdk,"Ensemble, Vol. 2"
14bPIfRKF3Fw8UC1skhFwl,Kikay,222173,6lSfpYjdJgrYxh1TjghNAZ,6.04,1,2cjX2XEOZowv48GOzOHYdk,"Ensemble, Vol. 2"
1ogxt71FICGrjomvDgkfI9,Miss Serious - Monster Mom Theme Song,329720,49aljnHLnqIDXbOXOPrKoY,Dis Guys,1,2cjX2XEOZowv48GOzOHYdk,"Ensemble, Vol. 2"
3sX7ot2s5buI7t94VhXtGI,Bakit Gano'N,182221,4acwuqffFzJc8QRm5k2GSO,Top One Project,1,2cjX2XEOZowv48GOzOHYdk,"Ensemble, Vol. 2"
2zrtjsgJDvIOBQbIe8Iz12,Hold On,250080,5Yh7RYWa1DqX88MFzTlXEe,Sipol,1,2cjX2XEOZowv48GOzOHYdk,"Ensemble, Vol. 2"
4vz4insywTDuNcANcG84a2,Queen of My Castle,253933,6lSfpYjdJgrYxh1TjghNAZ,6.04,1,2cjX2XEOZowv48GOzOHYdk,"Ensemble, Vol. 2"
3CDNJB4kV2L7L7mWqG1oZv,Di Na Makita,278573,4DQBgCdVUF9BTAEFR2yLak,Wickermoss,1,2cjX2XEOZowv48GOzOHYdk,"Ensemble, Vol. 2"
7EpJPfw2d7pJxt4NbCBDee,Timecheck: 1pm (Skit),31937,76xGhfBlYK3ZLMwkGxOuQn,Apekz,1,0lRzp2qykWQuJ5gkAqKOO1,Ala Una
3I4HmzGJE7uP85IyTImFHw,Arangkada,230303,"['76xGhfBlYK3ZLMwkGxOuQn', '1JeizTt2HXahrk6YXuTyGz']","['Apekz', 'Aya']",2,0lRzp2qykWQuJ5gkAqKOO1,Ala Una
2sgJhgLo3F1VeQVW7JE4Lq,Goodvibes,328000,76xGhfBlYK3ZLMwkGxOuQn,Apekz,1,0lRzp2qykWQuJ5gkAqKOO1,Ala Una
5VZS0OCCLOfVymBgG380ea,Haring Araw,313571,76xGhfBlYK3ZLMwkGxOuQn,Apekz,1,0lRzp2qykWQuJ5gkAqKOO1,Ala Una
5qhy6TBCBqv6AG7wSdp559,Pasulyap Sulyap,223323,76xGhfBlYK3ZLMwkGxOuQn,Apekz,1,0lRzp2qykWQuJ5gkAqKOO1,Ala Una
0G8r1f0mYhbLsM6cnx0aoM,Spachronicles: 1pm (Skit),82000,76xGhfBlYK3ZLMwkGxOuQn,Apekz,1,0lRzp2qykWQuJ5gkAqKOO1,Ala Una
0Rfnli46lpv4PvxnlJl5Qg,LSS,269086,76xGhfBlYK3ZLMwkGxOuQn,Apekz,1,0lRzp2qykWQuJ5gkAqKOO1,Ala Una
7nyGXnA0G1nEkq3ikQ3rC1,Bara Mala Apekz,119861,76xGhfBlYK3ZLMwkGxOuQn,Apekz,1,0lRzp2qykWQuJ5gkAqKOO1,Ala Una
0xl4e96LHkAVs2HjfTKOwL,Mayor de Edad,313333,"['76xGhfBlYK3ZLMwkGxOuQn', '6eGQ0qPUlGBjmRgyQ84g3f', '2FvXtuMlYRrEkSF7kdAfFq']","['Apekz', 'Ron Henley', 'Smugglaz']",3,0lRzp2qykWQuJ5gkAqKOO1,Ala Una
7CNWjpKKcpTJjUhrcEJ1Pk,Peque,253793,"['76xGhfBlYK3ZLMwkGxOuQn', '0e7I5fhtxrhsH8xrjGGDiv', '0ZDsI13xRthiza761ihvsB']","['Apekz', 'Abra', 'Mikerapphone']",3,0lRzp2qykWQuJ5gkAqKOO1,Ala Una
2nivBuTFF8kHeqQcJVEHol,Ala Una!,140307,76xGhfBlYK3ZLMwkGxOuQn,Apekz,1,0lRzp2qykWQuJ5gkAqKOO1,Ala Una
4uR6wWQhUCvFXGbRbqAd6a,Kabayan,226053,"['2rW9Djv618JDGrW40a8Ny3', '0e7I5fhtxrhsH8xrjGGDiv']","['Duncan Ramos', 'Abra']",2,2UBncO7pls2UbYgxRIlCcF,Kabayan
5FsyQEA4nYpcEQoEVdKmqI,King Joe Blvck Intro (feat. Tatang Iklaw),108000,"['3CsvOKrHAkWV1ABxia2kJW', '0kMt9TuIknUmHZHq9I9ajG']","['Dash Calzado', 'Tatang Iklaw']",2,4XFKEmXLTRdgfvD78aYzpw,Musick IV Your Owner Type Jeepney
7IQk93xMOEPFqVdg4UEy7x,Musick IV Your Owner Type Jeepney (feat. DJ Buddah),287546,"['3CsvOKrHAkWV1ABxia2kJW', '3aWAyzhZ1JUSBtZHfjClP2']","['Dash Calzado', 'DJ Buddah']",2,4XFKEmXLTRdgfvD78aYzpw,Musick IV Your Owner Type Jeepney
5MjIa2RHxawpxgHDc4Dfxt,Paano Mo Maiugnay Ang Salakot Sa Buhay Ng Tao Respect The Salakot,80840,3CsvOKrHAkWV1ABxia2kJW,Dash Calzado,1,4XFKEmXLTRdgfvD78aYzpw,Musick IV Your Owner Type Jeepney
69Jdt2EpM00wutE68I3H7u,Walang Limitasyon (feat. Pino G.),224973,"['3CsvOKrHAkWV1ABxia2kJW', '1d5rWA3wmbDFJjPUfdKmBB']","['Dash Calzado', 'Pino G']",2,4XFKEmXLTRdgfvD78aYzpw,Musick IV Your Owner Type Jeepney
0PafAkd5zozMxeQH3KB7PZ,Do Something (feat. Just Hush),240000,"['3CsvOKrHAkWV1ABxia2kJW', '3KovZIDNYgQY8chiNZo2ZF']","['Dash Calzado', 'Just Hush']",2,4XFKEmXLTRdgfvD78aYzpw,Musick IV Your Owner Type Jeepney
7lYUeI1150oJ4wR9s4uBmL,"Prestihiyosa (feat. Bambu, Pino G. & Syke)",239800,"['3CsvOKrHAkWV1ABxia2kJW', '0iPS5GpwbHSmgNXfGE674K', '1d5rWA3wmbDFJjPUfdKmBB', '21vIPFtb2COnUem4LgJPhw']","['Dash Calzado', 'Bambu', 'Pino G', 'Syke']",4,4XFKEmXLTRdgfvD78aYzpw,Musick IV Your Owner Type Jeepney
43WSArJhnQ9kV7gjhhKx9O,Woofers In My Jeep (Ode To Ice Cube),93720,3CsvOKrHAkWV1ABxia2kJW,Dash Calzado,1,4XFKEmXLTRdgfvD78aYzpw,Musick IV Your Owner Type Jeepney
44X6Kto2MglfImTDue3QgC,Rhyme Animal / Party Animal,231000,3CsvOKrHAkWV1ABxia2kJW,Dash Calzado,1,4XFKEmXLTRdgfvD78aYzpw,Musick IV Your Owner Type Jeepney
5bQX5oFAaHR72xywnXSutk,Kevins Heart,43906,3CsvOKrHAkWV1ABxia2kJW,Dash Calzado,1,4XFKEmXLTRdgfvD78aYzpw,Musick IV Your Owner Type Jeepney
1ip0qYXvrNKo0loR9DfcG1,Interplanetary Phunk (feat. Deelet & Just Hush),261306,"['3CsvOKrHAkWV1ABxia2kJW', '2lwOwdeNcX52Xy0M5nTzz6', '3KovZIDNYgQY8chiNZo2ZF']","['Dash Calzado', 'Deelet', 'Just Hush']",3,4XFKEmXLTRdgfvD78aYzpw,Musick IV Your Owner Type Jeepney
6MAcmTTgHqxne6XS8HWM3q,Freeflow (feat. Pino G.),172000,"['3CsvOKrHAkWV1ABxia2kJW', '1d5rWA3wmbDFJjPUfdKmBB']","['Dash Calzado', 'Pino G']",2,4XFKEmXLTRdgfvD78aYzpw,Musick IV Your Owner Type Jeepney
3hsbCKACL19qYdFZz43RvT,EV's Definition,25746,3CsvOKrHAkWV1ABxia2kJW,Dash Calzado,1,4XFKEmXLTRdgfvD78aYzpw,Musick IV Your Owner Type Jeepney
3vdk3zHDwrhtxrVVVyPhl8,Bass Crazee (feat. Jhego),253000,"['3CsvOKrHAkWV1ABxia2kJW', '1UvBOvPpHNvElBWc4WZIBG']","['Dash Calzado', 'Jhego']",2,4XFKEmXLTRdgfvD78aYzpw,Musick IV Your Owner Type Jeepney
6FVWasHRXiODC7go6IRtNO,King Joe Blvcks Hotline,108000,3CsvOKrHAkWV1ABxia2kJW,Dash Calzado,1,4XFKEmXLTRdgfvD78aYzpw,Musick IV Your Owner Type Jeepney
2fUUNsa1MiyqEHNPGyYm1T,Bawat Sandali (feat. Mike Kosa & Pino G.),235400,"['3CsvOKrHAkWV1ABxia2kJW', '6RU3UGNOEiiSZpLCpeP3zE', '1d5rWA3wmbDFJjPUfdKmBB']","['Dash Calzado', 'Mike Kosa', 'Pino G']",3,4XFKEmXLTRdgfvD78aYzpw,Musick IV Your Owner Type Jeepney
72jwDh05Vl4FJH1IE0Reu1,Space High (feat. Just Hush),205000,"['3CsvOKrHAkWV1ABxia2kJW', '3KovZIDNYgQY8chiNZo2ZF']","['Dash Calzado', 'Just Hush']",2,4XFKEmXLTRdgfvD78aYzpw,Musick IV Your Owner Type Jeepney
5dylxzYi6kXHtY7tqTyEGO,"Transform (feat. Jaime Labrador, Switch of Miscellaneous, Pino G., Loonie, Lon, Mike Swift, Raimund Marasigan, Third Flo, KJAH, J.O.L.O, Mike Kosa, Knowa Lazarus, The Non Typeral, Toney Chrome, Abra & Miggy Chavez of Chicosci)",668000,"['3CsvOKrHAkWV1ABxia2kJW', '0e7I5fhtxrhsH8xrjGGDiv', '1r5cXPqjg3R4Q1FpKG1UJs', '6emUlRKo9VHizJSCaHL0oD', '5JcywKHUJpSw5QmlgBpqX7', '2EcLLQZDUL6D0MrdnfcbTT', '5wcWOy47IeZo0PGTa4RhoM', '552jNI1kUtB1FPRZFliQxc', '4QaCl3g84dDs8Rq4HQAeuC', '6RU3UGNOEiiSZpLCpeP3zE', '0iEqhd9k4XzHYUvk80Sf0E', '1d5rWA3wmbDFJjPUfdKmBB', '0RgeD0haCSG2EO2azwqXAw', '2sXcd4jLyzjRbPyn3ZgDqC', '4ul0AugcqpzFPB4C2IFybZ', '4oq3ZPun2GUPkUBo8BzuTW', '07umKW3OWa1Kul8FDGgokH']","['Dash Calzado', 'Abra', 'JOLO', 'Jaime Labrador', 'Kjah', 'Knowa Lazarus', 'Lon', 'Loonie', 'Miggy Chavez of Chicosci', 'Mike Kosa', 'Mike Swift', 'Pino G', 'Raimund Marasigan', 'Switch of Miscellaneous', 'The Non Typeral', ""Third Flo'"", 'Toney Chrome']",17,4XFKEmXLTRdgfvD78aYzpw,Musick IV Your Owner Type Jeepney
2cyQJmFnz5pfVOH1q95DDq,"Musick IV Your Owner Type Jeepney (feat. Pino G., J.O.L.O & DJ Buddah) - QC's Finest Remix",276000,"['3CsvOKrHAkWV1ABxia2kJW', '3aWAyzhZ1JUSBtZHfjClP2', '1r5cXPqjg3R4Q1FpKG1UJs', '1d5rWA3wmbDFJjPUfdKmBB', '7618TJPSVOMyfUR23SkQdo']","['Dash Calzado', 'DJ Buddah', 'JOLO', 'Pino G', ""QC's Finest""]",5,4XFKEmXLTRdgfvD78aYzpw,Musick IV Your Owner Type Jeepney
4FrAiO4CUSbQJacMS2sw1N,Standing Ovation,169600,3CsvOKrHAkWV1ABxia2kJW,Dash Calzado,1,4XFKEmXLTRdgfvD78aYzpw,Musick IV Your Owner Type Jeepney
0qAZX3lKq6vtPnYVomTIYO,"Mic Fight (Hand Grenade Music Bonus Track) [feat. Aero, Harry J & Mario Of 7 Shots of Wisdom]",279600,"['3CsvOKrHAkWV1ABxia2kJW', '4QLoaH4hD2WjfdsH48Vg5U', '69M9VtTnhExiEInZZrEbVi', '6BbxgAAjtE47ifK3TPUpK8']","['Dash Calzado', 'aero.', 'Harry J', 'Mario Of 7 Shots of Wisdom']",4,4XFKEmXLTRdgfvD78aYzpw,Musick IV Your Owner Type Jeepney
2y26Gm5Pj557TuHdkmZDcl,"Island Stylin (feat. Boogie B Friskolay, Pino G. & Just Hush)",247986,"['3CsvOKrHAkWV1ABxia2kJW', '66PpbnF6mdcQiiQQXMRllu', '3KovZIDNYgQY8chiNZo2ZF', '1d5rWA3wmbDFJjPUfdKmBB']","['Dash Calzado', 'Boogie B Friskolay', 'Just Hush', 'Pino G']",4,4XFKEmXLTRdgfvD78aYzpw,Musick IV Your Owner Type Jeepney
144dZCzJ2o24tNg1a8jjYR,Label,175054,"['6U5NhAY38FWP22Wu1hd7Vh', '0e7I5fhtxrhsH8xrjGGDiv']","['Myrtle Sarrosa', 'Abra']",2,0GKwFm4RNxnLCiGWjeN8nM,Label
0vIEgnYErpnJgbmSQfunkQ,Mr. Pakipot,186752,6U5NhAY38FWP22Wu1hd7Vh,Myrtle Sarrosa,1,4SZKYVxEv335steMIHQzVv,Now Playing - Myrtle
25hJz4KhKOo4S8KodP71xi,Label,175054,"['6U5NhAY38FWP22Wu1hd7Vh', '0e7I5fhtxrhsH8xrjGGDiv']","['Myrtle Sarrosa', 'Abra']",2,4SZKYVxEv335steMIHQzVv,Now Playing - Myrtle
7mwTCVQ8zDDwqvWkYvGrGO,Still Love Me,176982,6U5NhAY38FWP22Wu1hd7Vh,Myrtle Sarrosa,1,4SZKYVxEv335steMIHQzVv,Now Playing - Myrtle
6Lk0WD1MoiTMPJDj5Ypaub,Sabi Nila,185415,6U5NhAY38FWP22Wu1hd7Vh,Myrtle Sarrosa,1,4SZKYVxEv335steMIHQzVv,Now Playing - Myrtle
2IyaijFGo7271MNz6Pf5g1,Heartbroken,217175,6U5NhAY38FWP22Wu1hd7Vh,Myrtle Sarrosa,1,4SZKYVxEv335steMIHQzVv,Now Playing - Myrtle
6Ec73GApwEMBZZIz4xu0Zn,Nasaan Ka Na?,182859,6U5NhAY38FWP22Wu1hd7Vh,Myrtle Sarrosa,1,4SZKYVxEv335steMIHQzVv,Now Playing - Myrtle
7e1Gx1yzIQPus2ZWNcuG2g,Tadhana,191824,6U5NhAY38FWP22Wu1hd7Vh,Myrtle Sarrosa,1,4SZKYVxEv335steMIHQzVv,Now Playing - Myrtle
11ne2F8F5vrZliErCMcFIr,Ngayon,171187,6U5NhAY38FWP22Wu1hd7Vh,Myrtle Sarrosa,1,4SZKYVxEv335steMIHQzVv,Now Playing - Myrtle
6CgJzfFS83Gvkpaok1BmB0,Mr. Pakipot - Acoustic Version,185870,6U5NhAY38FWP22Wu1hd7Vh,Myrtle Sarrosa,1,4SZKYVxEv335steMIHQzVv,Now Playing - Myrtle
7IYpRP8NLmKzn8mrdtKKEJ,I Luv My Sisters,171897,6U5NhAY38FWP22Wu1hd7Vh,Myrtle Sarrosa,1,4SZKYVxEv335steMIHQzVv,Now Playing - Myrtle
4GNZ3ASnlWZplh8oNOV3go,Are Ready for Love?,245751,1z4NrwjmZ72KcCYkzcMuIW,Viktoria,1,2jUAACZqtcoDwzfzeQ79yb,Vixen
09h2JhaMUqaoiPXePJDrPZ,Goodbye,261998,"['1z4NrwjmZ72KcCYkzcMuIW', '3JeRK2BYSSVwTloXXU0IJN', '0e7I5fhtxrhsH8xrjGGDiv', '1vqScJjAYanXSUjVPrmPD5']","['Viktoria', 'Alex of LDP', 'Abra', 'R-Jay']",4,2jUAACZqtcoDwzfzeQ79yb,Vixen
6L09ct8DvJPjzCgGKRQsdm,Hmmm Teka,248243,1z4NrwjmZ72KcCYkzcMuIW,Viktoria,1,2jUAACZqtcoDwzfzeQ79yb,Vixen
0SAoUJ0NiA7orbOhMBR97M,I Love You More,240396,"['1z4NrwjmZ72KcCYkzcMuIW', '3uaYeXds5nVjMB9d7BStOJ', '2z6WLwyOGX9UIiXx690SaC']","['Viktoria', 'Champ', 'Roadfill']",3,2jUAACZqtcoDwzfzeQ79yb,Vixen
4EpnMc9YcBFarCVyBTbo0V,Addicted,234872,"['1z4NrwjmZ72KcCYkzcMuIW', '3O0xn8Gk5QVh8IReCWlnzK']","['Viktoria', 'C.B. Automatic']",2,2jUAACZqtcoDwzfzeQ79yb,Vixen
3uGMmPxpzIdY8AOU7MrkKq,Ang Sexy Mo,186997,1z4NrwjmZ72KcCYkzcMuIW,Viktoria,1,2jUAACZqtcoDwzfzeQ79yb,Vixen
7ikQjdZ7UBXFYvQvchzpEi,Pick Up the Phone,235499,1z4NrwjmZ72KcCYkzcMuIW,Viktoria,1,2jUAACZqtcoDwzfzeQ79yb,Vixen
1fbcU2SWWOxBPqs3OT9jen,Dedma,295998,1z4NrwjmZ72KcCYkzcMuIW,Viktoria,1,2jUAACZqtcoDwzfzeQ79yb,Vixen
1S8UY2dUGD4j7Ed48p6x83,Vixen,249775,1z4NrwjmZ72KcCYkzcMuIW,Viktoria,1,2jUAACZqtcoDwzfzeQ79yb,Vixen
4nW5wu48IPy29vmSBGK9Vy,Lambing,240442,1z4NrwjmZ72KcCYkzcMuIW,Viktoria,1,2jUAACZqtcoDwzfzeQ79yb,Vixen
6i7WDSRw0CddXpcrfaIYyd,Shut the Fuck Up,204806,1z4NrwjmZ72KcCYkzcMuIW,Viktoria,1,2jUAACZqtcoDwzfzeQ79yb,Vixen
0jseeZXc4GcGv0qGsxViGa,Broken,277998,1z4NrwjmZ72KcCYkzcMuIW,Viktoria,1,2jUAACZqtcoDwzfzeQ79yb,Vixen
4PeG33djAeLNZ5uRqj18sw,Ladies Night,255998,"['1z4NrwjmZ72KcCYkzcMuIW', '3uT7G845mjb0BNNlX5cH84']","['Viktoria', 'Chelo']",2,2jUAACZqtcoDwzfzeQ79yb,Vixen
4b70Ys37A47L25bwaJK6Tk,Akin Ka Na Lang,258906,62WbvkXqQGvXQvw74GU3kQ,Morissette,1,0rfDT6V00plE4JOmSdumsx,Himig Handog P-Pop Love Songs (2014)
2D4a4HHH8FPToHSTjXie2b,Bumabalik Ang Nagdaan,221573,19l4oVulvZzVoBEfaP3i0n,Jessa Zaragoza,1,0rfDT6V00plE4JOmSdumsx,Himig Handog P-Pop Love Songs (2014)
4qt8hVmZzmSkzCYt7IWqWy,Dito,234053,5LjeS9Ayepynd2NQAeosRz,Jovit Baldivino,1,0rfDT6V00plE4JOmSdumsx,Himig Handog P-Pop Love Songs (2014)
6yeL8VMmJ1VQBQqo52un8k,Everything Takes Time,228960,7t2QLpgYhojWzbaPLWsvcQ,Hazel Faith Dela Cruz,1,0rfDT6V00plE4JOmSdumsx,Himig Handog P-Pop Love Songs (2014)
6puiBLrUO9AbJuAlxRL9lo,Halik Sa Hangin,282786,"['543f0NvGig5Moo9XROTUur', '0e7I5fhtxrhsH8xrjGGDiv']","['Ebe Dancel', 'Abra']",2,0rfDT6V00plE4JOmSdumsx,Himig Handog P-Pop Love Songs (2014)
1l2YFO9VpLSJU6PoJcsEts,Hanggang Kailan,242333,7DW4ijH3n36QN0RlC0n649,Angeline Quinto,1,0rfDT6V00plE4JOmSdumsx,Himig Handog P-Pop Love Songs (2014)
4lm85iTdLl6OsL4GCh2dGM,Hindi Wala,248826,4BNWanhw4AjSXjBm9L1Jzy,Juris,1,0rfDT6V00plE4JOmSdumsx,Himig Handog P-Pop Love Songs (2014)
1FPUJYVTpAc6b6DSu3yLSZ,If You Don't Want to Fall,291053,7DRgc0ko15aNa7DMeZ3J8G,Jed Madela,1,0rfDT6V00plE4JOmSdumsx,Himig Handog P-Pop Love Songs (2014)
0C9VsDrT9HpQKLZvXetqDf,Mahal Kita Pero,203200,5TNuvf8y7Y3QLXsNaIYCYX,Janella Salvador,1,0rfDT6V00plE4JOmSdumsx,Himig Handog P-Pop Love Songs (2014)
4eIpLKg9mZmRBFMeHkKLXm,Mahal Ko O Mahal Ako,222560,1mcqfNCReSFxun2vIWvC28,KZ Tandingan,1,0rfDT6V00plE4JOmSdumsx,Himig Handog P-Pop Love Songs (2014)
4tRiqBqmzn8NlAMK2xPHua,Pare Mahal Mo Raw Ako,241826,1t2caVgyabZrVDAlmMGraV,Michael Pangilinan,1,0rfDT6V00plE4JOmSdumsx,Himig Handog P-Pop Love Songs (2014)
1tuzzU1E9y9fQ3lPRuiprq,Pumapag-Ibig,239546,"['0lslA51eKXwTUY0TSX9Emy', '5qmYPRNY6v0B30FnwFcaQJ', '6YZiIvNhNdSuQWuZCWK9cZ']","['Marion Aunor', 'Rizza Cabrera', 'Seed Bunye']",3,0rfDT6V00plE4JOmSdumsx,Himig Handog P-Pop Love Songs (2014)
3tLBFAXodIYhaK1CE77zzu,Simpleng Tulad Mo,227333,5yVM85m9yNcHO6o0vaaVxW,Daniel Padilla,1,0rfDT6V00plE4JOmSdumsx,Himig Handog P-Pop Love Songs (2014)
4Rg7N5Rgj0jyDZHBfiQKg7,Umiiyak Ang Puso,236813,0kRAKgEOVI43Qkz9PLmPt8,Bugoy Drilon,1,0rfDT6V00plE4JOmSdumsx,Himig Handog P-Pop Love Songs (2014)
6aSLxLFg3OdGW4HgELxyVH,Walang Basagan Ng Trip,183093,"['4G5AK0rg49LG9Bce7XgzrL', '5icmJA86UrlmqDJY4lL6ze']","['Jugs', 'Teddy']",2,0rfDT6V00plE4JOmSdumsx,Himig Handog P-Pop Love Songs (2014)
28PqE8SPINr3icZ0cna09g,Kilig,202773,6cXE5RU6ad2uzeRUxh7Olj,MAJA,1,3ppZGR77odiva6AcYUKFQH,Believe
5cWDyNXEKuPCO4sCjvoSjh,Halikana,238813,"['6cXE5RU6ad2uzeRUxh7Olj', '0e7I5fhtxrhsH8xrjGGDiv']","['MAJA', 'Abra']",2,3ppZGR77odiva6AcYUKFQH,Believe
6gzUAfZdUx4qH5WKMw8daB,Wala Na Bang Pag-Ibig,247373,6cXE5RU6ad2uzeRUxh7Olj,MAJA,1,3ppZGR77odiva6AcYUKFQH,Believe
3Sci6bvEJ9pjzSMuEVIzQF,Dahan-Dahan,198666,6cXE5RU6ad2uzeRUxh7Olj,MAJA,1,3ppZGR77odiva6AcYUKFQH,Believe
3kmLpoou50HEHfJivDfk3M,Urong-Sulong,193040,6cXE5RU6ad2uzeRUxh7Olj,MAJA,1,3ppZGR77odiva6AcYUKFQH,Believe
1OETCKWQgXxMM7L8dz5ke4,Buong Gabi,222853,"['6cXE5RU6ad2uzeRUxh7Olj', '7KVEPOCxLCs5U1VCHXg874']","['MAJA', 'Project Pinas']",2,3ppZGR77odiva6AcYUKFQH,Believe
6Uf0FcR9tyHkVouAeX7OkK,Kilig - Instrumental,203773,6cXE5RU6ad2uzeRUxh7Olj,MAJA,1,3ppZGR77odiva6AcYUKFQH,Believe
44g3pFMB0Av51fttScRX70,Dahan-Dahan - Instrumental,194226,6cXE5RU6ad2uzeRUxh7Olj,MAJA,1,3ppZGR77odiva6AcYUKFQH,Believe
5cpkWGh2Z62BovwCIad8PN,Kapalaran,193786,"['1UIj0sUmkrplZdGxX6ZrmH', '2lXnAsBWMKIMH2h2KdfOpA', '1UBtquuUSFe0uhz662TicE', '0RHiqaoRCsFLPeEuj3OQz4']","['Chito Ilacad', 'Ernie Dela Pena', 'ABS-CBN Philharmonic Orchestra', 'Gary Valenciano']",4,56HAEPqDF2FKOHLwBoG2De,Decades of OPM
44DFYt0ybr09tBuSdgXQ0e,"Awitin Mo, Isasayaw Ko, Katawan, Rock Baby Rock, Tayo'y Magsayawan - OPM Dance Suite",398386,"['5pHl48Qt0o8R9bz2Za1Og2', '204rRUtZ6aVfefn4b0DW62', '0ShRjC0zeITfzfuMYcvuEW', '3e5vfyOzKWkvhndSINSncR', '2lXnAsBWMKIMH2h2KdfOpA', '1UBtquuUSFe0uhz662TicE', '5yVM85m9yNcHO6o0vaaVxW']","['Vic Sotto', 'Joey De Leon', 'Mike Hanopol', 'Charo Unite', 'Ernie Dela Pena', 'ABS-CBN Philharmonic Orchestra', 'Daniel Padilla']",7,56HAEPqDF2FKOHLwBoG2De,Decades of OPM
0EIrSLFGhbtSLVK3bym5aT,Be My Lady,288386,"['6qdDAOGENRXPhASjG1EsMq', '1UBtquuUSFe0uhz662TicE', '5cJllFXiEKBSUyiQaPa9PU']","['Vehnee Saturno', 'ABS-CBN Philharmonic Orchestra', 'Louie Ocampo']",3,56HAEPqDF2FKOHLwBoG2De,Decades of OPM
2s2gA4kCneoZnCf07ER9lb,Tubig at Langis,277026,"['4v1bWbwnjtTJ8F1m0mBpR3', '1UBtquuUSFe0uhz662TicE']","['George Canseco', 'ABS-CBN Philharmonic Orchestra']",2,56HAEPqDF2FKOHLwBoG2De,Decades of OPM
4JGCRjW9fsQLXoohH1H01V,"Pangako, Tayong Dalawa, Kung Tayo'y Magkakalayo - Rey Valera Suite",435520,"['5xWPJKDLLSDaz7K7tSMTFu', '1UBtquuUSFe0uhz662TicE']","['REY VALERA', 'ABS-CBN Philharmonic Orchestra']",2,56HAEPqDF2FKOHLwBoG2De,Decades of OPM
3mIAEwEBXimB3ZHGfFUq8w,Mula Sa Puso,283840,"['6qdDAOGENRXPhASjG1EsMq', '1UBtquuUSFe0uhz662TicE']","['Vehnee Saturno', 'ABS-CBN Philharmonic Orchestra']",2,56HAEPqDF2FKOHLwBoG2De,Decades of OPM
6Pv0muSJeE163zoC4OnXoV,Totoy Bibbo,185360,"['3nodjPWKhfL0vgEF2OvRNj', '1UBtquuUSFe0uhz662TicE', '3Jt4p6x9YowCdxUiunLGZO', '0e7I5fhtxrhsH8xrjGGDiv']","['Christian Martinez', 'ABS-CBN Philharmonic Orchestra', 'Enrique Gil', 'Abra']",4,56HAEPqDF2FKOHLwBoG2De,Decades of OPM
0CegNAGm8QTswadbQvmnAk,Pinoy Ako,193880,"['2phVzutDtUZDar3PEpAO3R', '2af7UWCw5mnCCWuSbpap56', '1UBtquuUSFe0uhz662TicE']","['Jonathan Manalo', 'Clemen Castro', 'ABS-CBN Philharmonic Orchestra']",3,56HAEPqDF2FKOHLwBoG2De,Decades of OPM
71sD3DT1EDURwyn1dh3rNO,Hawak Kamay,296813,"['0DnjaQqb436AH1idffI6CQ', '1UBtquuUSFe0uhz662TicE']","['Yeng Constantino', 'ABS-CBN Philharmonic Orchestra']",2,56HAEPqDF2FKOHLwBoG2De,Decades of OPM
6ZwGww5NltxO6yQjct5oZs,"Hanggang, Kung Ako na Lang Sana, Hindi na Bale, Ano'ng Nangyari sa Ating Dalawa - Himig Handog Suite",553720,"['1L7y9ihouvC6KunBFqttov', '3E5SSzBZJ529iudrI7lHBG', '6GKTPPsjdMWEsUDoRrfmNi', '1jX3mpd6mGFd5RN1fmAYdq', '5SqQqy1Q8viPwQSafSlg5Y', '1UBtquuUSFe0uhz662TicE', '7DW4ijH3n36QN0RlC0n649']","['Ronni', 'Gigi Cordero', 'Soc Villanueva', 'Jimmy Antiporda', 'Jovinor Tan', 'ABS-CBN Philharmonic Orchestra', 'Angeline Quinto']",7,56HAEPqDF2FKOHLwBoG2De,Decades of OPM
2a5teiYoCcH6aLZD5ncgKH,Please Be Careful with My Heart,280506,"['1EHAbA1GMYOfkh9ds9eNfS', '1UBtquuUSFe0uhz662TicE']","['Jose Mari Chan', 'ABS-CBN Philharmonic Orchestra']",2,56HAEPqDF2FKOHLwBoG2De,Decades of OPM
0D0dG4c5Ui4EsO8YpFPf5I,Kung Kailangan Mo Ako,222666,"['5xWPJKDLLSDaz7K7tSMTFu', '1UBtquuUSFe0uhz662TicE', '2GqX0GnrKdi6Z2X2OReYOK']","['REY VALERA', 'ABS-CBN Philharmonic Orchestra', 'Piolo Pascual']",3,56HAEPqDF2FKOHLwBoG2De,Decades of OPM
45DUb20aFLSwWD3c5h34AM,Maging Sino Ka Man,243586,"['5xWPJKDLLSDaz7K7tSMTFu', '1UBtquuUSFe0uhz662TicE', '4LTJwj8UNLy3ApvH7XUiiq']","['REY VALERA', 'ABS-CBN Philharmonic Orchestra', 'Martin Nievera']",3,56HAEPqDF2FKOHLwBoG2De,Decades of OPM
0tLyq3ewF9awNfpsb7bEoR,After All,277640,"['4lcQ8hgPWSGcYGIxq5NUyS', '3ygi8VZFd4mLjEOqVkYwkv', '1UBtquuUSFe0uhz662TicE', '4LTJwj8UNLy3ApvH7XUiiq', '7vm8dOvr3b6F2kocii2M6V']","['Dean Pitchford', 'Tom Snow', 'ABS-CBN Philharmonic Orchestra', 'Martin Nievera', 'Vina Morales']",5,56HAEPqDF2FKOHLwBoG2De,Decades of OPM
4rzcFNkadJOLQKAAi7yZjh,Maging Sino Ka Man - Inspirational Version,238840,4LTJwj8UNLy3ApvH7XUiiq,Martin Nievera,1,6WwFBsRBYls8NGYBkpaIHh,Juan Dela Cruz (Original Motion Picture Soundtrack)
3V0EylhRJm2IWSezNYcDg6,Maging Sino Ka Man - Duet Version,205142,"['4LTJwj8UNLy3ApvH7XUiiq', '0gLw3YrQMXnCbqjPyQVaoW']","['Martin Nievera', 'Zsa-Zsa Padilla']",2,6WwFBsRBYls8NGYBkpaIHh,Juan Dela Cruz (Original Motion Picture Soundtrack)
7IMQ1yZP3PDLexgFtTNMER,Sa Isang Sulyap Mo,235706,24iA5JWciA6YyE1iticpjY,Bryan Termulo,1,6WwFBsRBYls8NGYBkpaIHh,Juan Dela Cruz (Original Motion Picture Soundtrack)
0fKLYfwxImGW5YxEJcvqsi,Pusong Bato,215879,5LjeS9Ayepynd2NQAeosRz,Jovit Baldivino,1,6WwFBsRBYls8NGYBkpaIHh,Juan Dela Cruz (Original Motion Picture Soundtrack)
2PUJbj9SImKzvEnMrQU1J8,Alab Ng Puso,209714,0e7I5fhtxrhsH8xrjGGDiv,Abra,1,6WwFBsRBYls8NGYBkpaIHh,Juan Dela Cruz (Original Motion Picture Soundtrack)
6zPhFjQ9X14hdJ6WudMKcm,Maging Sino Ka Man,241583,4LTJwj8UNLy3ApvH7XUiiq,Martin Nievera,1,6WwFBsRBYls8NGYBkpaIHh,Juan Dela Cruz (Original Motion Picture Soundtrack)
2McRGgBOpo1YVeR33Pp7k5,Maging Sino Ka Man - Inspirational Version Minus One,238840,4LTJwj8UNLy3ApvH7XUiiq,Martin Nievera,1,6WwFBsRBYls8NGYBkpaIHh,Juan Dela Cruz (Original Motion Picture Soundtrack)
4fmbCzcy2azFVysSFkUbkE,Maging Sino Ka Man - Duet Version Minus One,205142,"['4LTJwj8UNLy3ApvH7XUiiq', '0gLw3YrQMXnCbqjPyQVaoW']","['Martin Nievera', 'Zsa-Zsa Padilla']",2,6WwFBsRBYls8NGYBkpaIHh,Juan Dela Cruz (Original Motion Picture Soundtrack)
6K4OFqjvFWkeRK02iJzYou,Sa Isang Sulyap Mo - Minus One,235706,24iA5JWciA6YyE1iticpjY,Bryan Termulo,1,6WwFBsRBYls8NGYBkpaIHh,Juan Dela Cruz (Original Motion Picture Soundtrack)
1W1Z557E3LTEEsxcmyEKEL,Pusong Bato - Minus One,215879,5LjeS9Ayepynd2NQAeosRz,Jovit Baldivino,1,6WwFBsRBYls8NGYBkpaIHh,Juan Dela Cruz (Original Motion Picture Soundtrack)
0HTaguF28hQmlltXKsc8EN,Alab Ng Puso - Minus One,207728,0e7I5fhtxrhsH8xrjGGDiv,Abra,1,6WwFBsRBYls8NGYBkpaIHh,Juan Dela Cruz (Original Motion Picture Soundtrack)
5SJWbPJxTgai6HcGGpkaot,Ultrasound,82880,"['552jNI1kUtB1FPRZFliQxc', '3aWAyzhZ1JUSBtZHfjClP2']","['Loonie', 'DJ Buddah']",2,20Y13ur8JoRau2UH1WcVZO,Ultrasound
0gczfg7TDAPECxlAQ3yuiC,Bago Ang Lahat,281720,"['552jNI1kUtB1FPRZFliQxc', '6eGQ0qPUlGBjmRgyQ84g3f', '6xIXkNDNQl9fjVP13rWyf4']","['Loonie', 'Ron Henley', 'Kat Alano']",3,20Y13ur8JoRau2UH1WcVZO,Ultrasound
3rIsR2jKs5Tntk0621jFW8,Tao Lang,255386,"['552jNI1kUtB1FPRZFliQxc', '4N7VMCvYd9Reh5bJLnRVzY']","['Loonie', 'Quest']",2,20Y13ur8JoRau2UH1WcVZO,Ultrasound
4fgsx1671cX2Iq3hvCemnN,Pilosopo,298573,"['552jNI1kUtB1FPRZFliQxc', '2FvXtuMlYRrEkSF7kdAfFq']","['Loonie', 'Smugglaz']",2,20Y13ur8JoRau2UH1WcVZO,Ultrasound
216QbYzEJ2eSE9Tb6A84at,Tanyag,300453,"['552jNI1kUtB1FPRZFliQxc', '0e7I5fhtxrhsH8xrjGGDiv', '075gADILAptmUO0RtcHAJM']","['Loonie', 'Abra', 'Syke']",3,20Y13ur8JoRau2UH1WcVZO,Ultrasound
0mufdi5LiXY8j0LAxBNWD5,Abante,276106,"['552jNI1kUtB1FPRZFliQxc', '0hGiOkzVosPWzO8QDf2wDD']","['Loonie', 'Kat Agarrado']",2,20Y13ur8JoRau2UH1WcVZO,Ultrasound
5tcSuZtyAPd1UmbMGVwFeF,Isang Jeep,437800,"['552jNI1kUtB1FPRZFliQxc', '2f1YiJv3F4OEemvoIOOhcb']","['Loonie', 'Hiphop 22']",2,20Y13ur8JoRau2UH1WcVZO,Ultrasound
3fVJ7vmWOwUE33wJlgj6R9,Ang Bagong Ako,238213,"['552jNI1kUtB1FPRZFliQxc', '6M0MpnwmM5ypkHNBJDQnIu']","['Loonie', 'Greyhoundz']",2,20Y13ur8JoRau2UH1WcVZO,Ultrasound
